{
  "Total" : {
    "transaction" : "Total",
    "sampleCount" : 1500,
    "errorCount" : 46,
    "errorPct" : 3.0666666,
    "meanResTime" : 7453.9606666666705,
    "medianResTime" : 978.0,
    "minResTime" : 5.0,
    "maxResTime" : 20553.0,
    "pct1ResTime" : 17672.2,
    "pct2ResTime" : 19148.95,
    "pct3ResTime" : 19225.93,
    "throughput" : 19.175455417066157,
    "receivedKBytesPerSec" : 0.7956440755832535,
    "sentKBytesPerSec" : 0.0
  },
  "v1" : {
    "transaction" : "v1",
    "sampleCount" : 750,
    "errorCount" : 25,
    "errorPct" : 3.3333333,
    "meanResTime" : 304.4360000000002,
    "medianResTime" : 196.0,
    "minResTime" : 5.0,
    "maxResTime" : 1490.0,
    "pct1ResTime" : 758.5999999999999,
    "pct2ResTime" : 889.3499999999998,
    "pct3ResTime" : 1105.7600000000002,
    "throughput" : 12.681772066283395,
    "receivedKBytesPerSec" : 0.5309501289313493,
    "sentKBytesPerSec" : 0.0
  },
  "v2" : {
    "transaction" : "v2",
    "sampleCount" : 750,
    "errorCount" : 21,
    "errorPct" : 2.8,
    "meanResTime" : 14603.485333333329,
    "medianResTime" : 15060.5,
    "minResTime" : 5.0,
    "maxResTime" : 20553.0,
    "pct1ResTime" : 19148.9,
    "pct2ResTime" : 19177.9,
    "pct3ResTime" : 19525.93,
    "throughput" : 9.697941450294817,
    "receivedKBytesPerSec" : 0.39876470450372403,
    "sentKBytesPerSec" : 0.0
  }
}